skim_type,skim_variable,n_missing,complete_rate,numeric.mean,numeric.sd,numeric.p0,numeric.p25,numeric.p50,numeric.p75,numeric.p100,numeric.hist
numeric,liabilities_and_equity,232,0.9514847344207444,46996628.53131868,338862995.86618984,0,778964.25,2978655,14207431,9538256131,▇▁▁▁▁
numeric,operating_expense_._assets,555,0.883939774153074,0.23303890466051574,0.1952559548110354,0,0.117,0.177,0.28654999999999997,2.5171,▇▁▁▁▁
numeric,percent_of_female_borrowers,654,0.8632371392722711,0.5781225169573644,0.2501862640688921,0,0.3934,0.5710500000000001,0.7677999999999999,1,▂▆▇▇▆
numeric,average_loan_balance_per_borrower,306,0.9360100376411543,895.0007928954424,7332.114421717906,0,142,335,776.5,400764,▇▁▁▁▁
numeric,gross_loan_portfolio_to_total_assets,104,0.9782517774989544,0.6548321398033348,0.7117412094694688,0,0.503725,0.6541,0.7766,27.4167,▇▁▁▁▁
numeric,operational_self_sufficiency,295,0.938310330405688,1.0887882772453756,0.8920965001102751,-1.3085,0.81365,1.0575,1.2462,31.9637,▇▁▁▁▁
